{"cameraMode":{"drawMode":0,"name":"Shaded","section":"Shading Mode"},"sceneLighting":false,"audioPlay":false,"sceneViewState":{"m_AlwaysRefresh":false,"showFog":true,"showSkybox":false,"showFlares":true,"showImageEffects":true,"showParticleSystems":true,"showVisualEffectGraphs":true,"m_FxEnabled":true},"in2DMode":false,"pivot":{"x":-0.03039407730102539,"y":0.5558239221572876,"z":0.4262279272079468},"rotation":{"x":-0.15031424164772035,"y":0.6736785173416138,"z":-0.14275014400482179,"w":-0.7093679308891296},"size":1.7731270790100098,"orthographic":false}